lambda,p,avg_N,total_N,total_time,prop_sparsity,N_1,N_2,N_3,N_4,N_5,N_6,N_7,N_8,N_9,N_10,N_11,N_12,N_13,N_14,N_15,N_16,N_17,N_18,N_19,N_20
1.9714585406429455,0.05718268333064027,2.4,48.0,0.00351,0.6416666666666667,3.0,1.0,3.0,7.0,4.0,2.0,3.0,1.0,2.0,6.0,2.0,1.0,1.0,2.0,2.0,2.0,1.0,2.0,2.0,1.0
1.9714585406429455,0.05718268333064027,2.4,48.0,0.00351,0.6416666666666667,3.0,1.0,3.0,7.0,4.0,2.0,3.0,1.0,2.0,6.0,2.0,1.0,1.0,2.0,2.0,2.0,1.0,2.0,2.0,1.0
1.9714585406429455,0.05718268333064027,2.4,48.0,0.00351,0.6416666666666667,3.0,1.0,3.0,7.0,4.0,2.0,3.0,1.0,2.0,6.0,2.0,1.0,1.0,2.0,2.0,2.0,1.0,2.0,2.0,1.0
1.9714585406429455,0.05718268333064027,2.4,48.0,0.00351,0.6416666666666667,3.0,1.0,3.0,7.0,4.0,2.0,3.0,1.0,2.0,6.0,2.0,1.0,1.0,2.0,2.0,2.0,1.0,2.0,2.0,1.0
1.9714585406429455,0.05718268333064027,2.4,48.0,0.00351,0.6416666666666667,3.0,1.0,3.0,7.0,4.0,2.0,3.0,1.0,2.0,6.0,2.0,1.0,1.0,2.0,2.0,2.0,1.0,2.0,2.0,1.0
1.9714585406429455,0.05718268333064027,2.4,48.0,0.00351,0.6416666666666667,3.0,1.0,3.0,7.0,4.0,2.0,3.0,1.0,2.0,6.0,2.0,1.0,1.0,2.0,2.0,2.0,1.0,2.0,2.0,1.0
1.9714585406429455,0.05718268333064027,2.4,48.0,0.00351,0.6416666666666667,3.0,1.0,3.0,7.0,4.0,2.0,3.0,1.0,2.0,6.0,2.0,1.0,1.0,2.0,2.0,2.0,1.0,2.0,2.0,1.0
