lambda,p,avg_N,total_N,total_time,prop_sparsity,N_1,N_2,N_3,N_4,N_5,N_6,N_7,N_8,N_9,N_10,N_11,N_12,N_13,N_14,N_15,N_16,N_17,N_18,N_19,N_20
7.228335920474663,0.2176332993804498,7.6,152.0,0.00202,0.30833333333333335,8.0,4.0,9.0,2.0,6.0,4.0,12.0,12.0,9.0,7.0,10.0,5.0,7.0,11.0,12.0,10.0,6.0,13.0,3.0,2.0
7.6180276257946655,0.2278886177530765,8.15,163.0,0.00202,0.30833333333333335,8.0,6.0,11.0,3.0,3.0,4.0,11.0,12.0,11.0,11.0,12.0,9.0,4.0,13.0,14.0,8.0,6.0,10.0,5.0,2.0
7.6180276257946655,0.2278886177530765,8.15,163.0,0.00202,0.30833333333333335,8.0,6.0,11.0,3.0,3.0,4.0,11.0,12.0,11.0,11.0,12.0,9.0,4.0,13.0,14.0,8.0,6.0,10.0,5.0,2.0
5.616481881355987,0.1735715346474651,7.15,143.0,0.00202,0.30833333333333335,4.0,10.0,8.0,5.0,3.0,6.0,12.0,5.0,12.0,16.0,5.0,7.0,3.0,5.0,11.0,5.0,7.0,9.0,8.0,2.0
5.616481881355987,0.1735715346474651,7.15,143.0,0.00202,0.30833333333333335,4.0,10.0,8.0,5.0,3.0,6.0,12.0,5.0,12.0,16.0,5.0,7.0,3.0,5.0,11.0,5.0,7.0,9.0,8.0,2.0
5.616481881355987,0.1735715346474651,7.15,143.0,0.00202,0.30833333333333335,4.0,10.0,8.0,5.0,3.0,6.0,12.0,5.0,12.0,16.0,5.0,7.0,3.0,5.0,11.0,5.0,7.0,9.0,8.0,2.0
5.616481881355987,0.1735715346474651,7.15,143.0,0.00202,0.30833333333333335,4.0,10.0,8.0,5.0,3.0,6.0,12.0,5.0,12.0,16.0,5.0,7.0,3.0,5.0,11.0,5.0,7.0,9.0,8.0,2.0
